{
  "comparison_date": "20251011_193513",
  "models_compared": [],
  "sentiment_analysis": {
    "single_task": {
      "accuracy": 0.77,
      "f1_score_macro": 0.706060606060606,
      "f1_score_weighted": 0.7698787878787878,
      "precision_macro": 0.7071665161096056,
      "precision_weighted": 0.7698554652213189,
      "recall_macro": 0.7051587301587302,
      "recall_weighted": 0.77
    },
    "multitask": {
      "accuracy": 0.725,
      "f1_macro": 0.6552364118426867,
      "f1_weighted": 0.7190331418471057,
      "precision": 0.6915592800484887,
      "recall": 0.6322751322751323
    },
    "accuracy_difference_pct": -4.5000000000000036,
    "f1_difference_pct": -5.08241942179194
  },
  "score_prediction": {
    "single_task": {
      "rmse": 0.19720699273498984,
      "mae": 0.15631056896017015,
      "r2": 0.01571640722540102,
      "correlation": 0.190438803466991
    },
    "multitask": {
      "rmse": 0.19284263601622317,
      "mae": 0.14796140620779188,
      "r2": -0.1080555175893041,
      "correlation": 0.09399097684437113
    },
    "rmse_improvement_pct": 2.213084160069095,
    "r2_difference_pct": -12.377192481470512
  },
  "conclusions": [
    "感情分析では単一タスク学習の方が優れた性能を示した",
    "評価スコア予測ではマルチタスク学習が単一タスクより優れた性能を示した"
  ]
}