{
  "analysis_date": "20251012_075309",
  "dataset_size": 5000,
  "model_path": "C:\\Users\\takahashi.DESKTOP-U0T5SUB\\Downloads\\BERT\\git_excluded\\finetuned_bert_model_20250718_step2_fixed_classweights_variant1_positive重点強化",
  "sample_method": "random_sampling",
  "random_state": 42,
  "top_positive_words": {
    " やす": {
      "mean_shap": 0.26603196793594686,
      "abs_mean_shap": 0.26603280757264663,
      "std_shap": 0.137202168970491,
      "count": 337.0
    },
    " 良かっ": {
      "mean_shap": 0.2465709603196082,
      "abs_mean_shap": 0.2465709603196082,
      "std_shap": 0.17877909052697008,
      "count": 207.0
    },
    " おもしろ": {
      "mean_shap": 0.24384845575140474,
      "abs_mean_shap": 0.24384845575140474,
      "std_shap": 0.15119652217954657,
      "count": 10.0
    },
    " よかっ": {
      "mean_shap": 0.22514156075542013,
      "abs_mean_shap": 0.22514156075542013,
      "std_shap": 0.1472742600635929,
      "count": 195.0
    },
    " 面白": {
      "mean_shap": 0.21775564944405118,
      "abs_mean_shap": 0.21780844246769335,
      "std_shap": 0.17191306449463117,
      "count": 100.0
    },
    " 楽しい": {
      "mean_shap": 0.19593095270115954,
      "abs_mean_shap": 0.19679160411839874,
      "std_shap": 0.15982715145534931,
      "count": 67.0
    },
    " 楽しめる": {
      "mean_shap": 0.1875528837120833,
      "abs_mean_shap": 0.18769145180251345,
      "std_shap": 0.12343608801355156,
      "count": 6.0
    },
    " ありが": {
      "mean_shap": 0.1759885845045723,
      "abs_mean_shap": 0.1759885845045723,
      "std_shap": 0.12451870970788866,
      "count": 19.0
    },
    " 楽し": {
      "mean_shap": 0.16418666456374603,
      "abs_mean_shap": 0.1642212982647802,
      "std_shap": 0.14576082565475038,
      "count": 192.0
    },
    " 面白い": {
      "mean_shap": 0.1517880348999933,
      "abs_mean_shap": 0.1517880348999933,
      "std_shap": 0.12827392643003652,
      "count": 37.0
    },
    " でき": {
      "mean_shap": 0.12541478360596273,
      "abs_mean_shap": 0.12559204362176996,
      "std_shap": 0.10118011217709807,
      "count": 996.0
    },
    " 出来": {
      "mean_shap": 0.11469197247610773,
      "abs_mean_shap": 0.11489087730035075,
      "std_shap": 0.0903211374293283,
      "count": 237.0
    },
    "かっ": {
      "mean_shap": 0.10992310140655309,
      "abs_mean_shap": 0.10999103720546996,
      "std_shap": 0.06454417342768062,
      "count": 539.0
    },
    " 助": {
      "mean_shap": 0.10439380390026032,
      "abs_mean_shap": 0.10444490145297969,
      "std_shap": 0.07766731043133214,
      "count": 41.0
    },
    " 達成": {
      "mean_shap": 0.1034648115395583,
      "abs_mean_shap": 0.1034648115395583,
      "std_shap": 0.030250113110275343,
      "count": 9.0
    },
    " 学": {
      "mean_shap": 0.09621925117584663,
      "abs_mean_shap": 0.09642202754612024,
      "std_shap": 0.1006485955623744,
      "count": 263.0
    },
    " きっかけ": {
      "mean_shap": 0.09568707161812805,
      "abs_mean_shap": 0.09604227319696293,
      "std_shap": 0.09880141572013909,
      "count": 20.0
    },
    " 好き": {
      "mean_shap": 0.09469643537605171,
      "abs_mean_shap": 0.09469643537605171,
      "std_shap": 0.10518139932118581,
      "count": 32.0
    },
    " 嬉": {
      "mean_shap": 0.09430617969698363,
      "abs_mean_shap": 0.09430617969698363,
      "std_shap": 0.07720496948113027,
      "count": 29.0
    },
    " 充実": {
      "mean_shap": 0.09164384656652393,
      "abs_mean_shap": 0.09164384656652393,
      "std_shap": 0.11886943721579793,
      "count": 20.0
    },
    " 役立つ": {
      "mean_shap": 0.08980021583828585,
      "abs_mean_shap": 0.09021274098176019,
      "std_shap": 0.09543060798398549,
      "count": 22.0
    },
    " 価値": {
      "mean_shap": 0.08766046208918506,
      "abs_mean_shap": 0.08766046208918506,
      "std_shap": 0.05974556901125397,
      "count": 7.0
    },
    " 飽き": {
      "mean_shap": 0.08491076959326165,
      "abs_mean_shap": 0.10062403110350715,
      "std_shap": 0.13452387913330832,
      "count": 5.0
    },
    " 深": {
      "mean_shap": 0.08389185298121897,
      "abs_mean_shap": 0.08401766822624968,
      "std_shap": 0.06765546856937849,
      "count": 51.0
    },
    "べ": {
      "mean_shap": 0.08357274211574758,
      "abs_mean_shap": 0.08518862051571643,
      "std_shap": 0.07066662554186048,
      "count": 148.0
    },
    " 分かり": {
      "mean_shap": 0.08333576639561462,
      "abs_mean_shap": 0.08348724574789042,
      "std_shap": 0.07311075259581797,
      "count": 251.0
    },
    " なれ": {
      "mean_shap": 0.07964243622099511,
      "abs_mean_shap": 0.07964243622099511,
      "std_shap": 0.0841558756877347,
      "count": 9.0
    },
    " 仲良く": {
      "mean_shap": 0.07887919168985848,
      "abs_mean_shap": 0.07887919168985848,
      "std_shap": 0.06460310216223861,
      "count": 7.0
    },
    " 安心": {
      "mean_shap": 0.07869094706761548,
      "abs_mean_shap": 0.07959987653038461,
      "std_shap": 0.07394107677272997,
      "count": 14.0
    },
    " 立っ": {
      "mean_shap": 0.07513957646369818,
      "abs_mean_shap": 0.07513957646369818,
      "std_shap": 0.050620012410701166,
      "count": 10.0
    },
    "べる": {
      "mean_shap": 0.07462759151735061,
      "abs_mean_shap": 0.07496661056367088,
      "std_shap": 0.07935642002387328,
      "count": 30.0
    },
    " わかり": {
      "mean_shap": 0.07330004804374869,
      "abs_mean_shap": 0.07374286690125584,
      "std_shap": 0.0685268391297919,
      "count": 232.0
    },
    " 合っ": {
      "mean_shap": 0.07241021100465635,
      "abs_mean_shap": 0.07241021100465635,
      "std_shap": 0.07086991886361911,
      "count": 6.0
    },
    " 新鮮": {
      "mean_shap": 0.07195136640976894,
      "abs_mean_shap": 0.07195136640976894,
      "std_shap": 0.06963565897839682,
      "count": 7.0
    },
    " 繋がっ": {
      "mean_shap": 0.07134158602524882,
      "abs_mean_shap": 0.07134158602524882,
      "std_shap": 0.04135437281426445,
      "count": 5.0
    },
    " 過ご": {
      "mean_shap": 0.07075038233306259,
      "abs_mean_shap": 0.07075038233306259,
      "std_shap": 0.08453382764149259,
      "count": 5.0
    },
    " 実用": {
      "mean_shap": 0.06810912666551303,
      "abs_mean_shap": 0.06810912666551303,
      "std_shap": 0.060206397730908794,
      "count": 5.0
    },
    "たか": {
      "mean_shap": 0.06688230011423002,
      "abs_mean_shap": 0.08458358354486832,
      "std_shap": 0.0734648124655345,
      "count": 11.0
    },
    " 意義": {
      "mean_shap": 0.0667707106138997,
      "abs_mean_shap": 0.0667707106138997,
      "std_shap": 0.06262226605162978,
      "count": 71.0
    },
    " できる": {
      "mean_shap": 0.06606156269652845,
      "abs_mean_shap": 0.06658762017879799,
      "std_shap": 0.08231946430986252,
      "count": 188.0
    },
    " やすい": {
      "mean_shap": 0.06569248076074383,
      "abs_mean_shap": 0.06781422563240437,
      "std_shap": 0.08130255726471843,
      "count": 167.0
    },
    " 楽しん": {
      "mean_shap": 0.06550418588985345,
      "abs_mean_shap": 0.06550418588985345,
      "std_shap": 0.0630096633820533,
      "count": 12.0
    },
    " 役": {
      "mean_shap": 0.06458074428870747,
      "abs_mean_shap": 0.06462828530844705,
      "std_shap": 0.05657474254421073,
      "count": 52.0
    },
    " 会": {
      "mean_shap": 0.06443439848211996,
      "abs_mean_shap": 0.06656228586056671,
      "std_shap": 0.10225022448044063,
      "count": 5.0
    },
    " つながっ": {
      "mean_shap": 0.06343026692775311,
      "abs_mean_shap": 0.06343026692775311,
      "std_shap": 0.06524332578772907,
      "count": 6.0
    },
    " 楽しみ": {
      "mean_shap": 0.06055179266348696,
      "abs_mean_shap": 0.06055179266348696,
      "std_shap": 0.051291471447217823,
      "count": 17.0
    },
    " 良い": {
      "mean_shap": 0.06038196136274639,
      "abs_mean_shap": 0.06041136609546687,
      "std_shap": 0.07174981344888115,
      "count": 228.0
    },