{
  "analysis_date": "20260129_171804",
  "device_used": "cuda",
  "pytorch_version": "2.5.1+cu121",
  "method": "順序回帰モデルSHAP分析",
  "sample_size": 1000,
  "completed_analyses": [
    "p2",
    "p4"
  ],
  "category_counts": {
    "strong_common": 2,
    "p2_specific": 1069,
    "p4_specific": 0,
    "p2_leaning": 7,
    "p4_leaning": 0
  },
  "total_words_p2": 7795,
  "top_p2_factors": {
    "ender": 0.008217846974730492,
    " bl": 0.008217846974730492,
    " クリエイター": 0.007482183114271847,
    " オブジェクト": 0.00532561496130746,
    " 偏見": 0.004349208668247012,
    " 登山": 0.0036848686868324876,
    " 熱い": 0.0035177213460128144,
    "irl": 0.003448223550521741,
    " 戦時": 0.003393869905266911,
    "谷": 0.0033017758978530765,
    " 准": 0.0033017758978530765,
    "ann": 0.0032351145063964372,
    "ular": 0.0032351145063964372,
    " 魅了": 0.0031804753821273466,
    "ed": 0.0030926415763263193,
    " 苦しむ": 0.0030461699892244207,
    " トンガ": 0.003033334796782583,
    " 置換": 0.003028135746717453,
    "ots": 0.0029787622732966278,
    " 季節": 0.00286744098411873
  },
  "total_words_p4": 7795,
  "top_p4_factors": {
    " 圏": 0.000538528933248017,
    " 高圧": 0.0005329390949234093,
    "無": 0.00041008659536601044,
    " 句": 0.0003872167071676813,
    " 慣用": 0.0003872167071676813,
    "唱": 0.0003800076592597179,
    " 拒否": 0.0003646445766207762,
    " 見下": 0.00033627188531681895,
    " ヵ月": 0.00032824928348418325,
    "妙": 0.0003005866874445928,
    " 出典": 0.00029686932612094097,
    " 要請": 0.00027845511795021594,
    " 拠点": 0.00027328495343681425,
    " 佐竹": 0.000268980418695719,
    " 妄想": 0.0002650982150953496,
    " 要人": 0.0002613412325445097,
    "プス": 0.0002501026464437373,
    " シナ": 0.0002501026464437373,
    " GHQ": 0.00024659525297465734,
    " エレクトロニクス": 0.00024339654546787554
  },
  "common_words_count": 7795,
  "strong_common_factors": [
    {
      "word": " 高圧",
      "p2_importance": 0.002068572235822847,
      "p4_importance": 0.0005329390949234093
    },
    {
      "word": " 圏",
      "p2_importance": 0.0011017913930118084,
      "p4_importance": 0.000538528933248017
    }
  ]
}